description,headquarters,homepage,id,name,origin_country
,"Hollywood, California",https://www.paramountpictures.com,4,Paramount,US
,,,5308,Viacom International,
,,,10211,Alfran Productions,US
,"New York City, New York, USA",,97,Castle Rock Entertainment,US
,"Burbank, California",https://www.warnerbros.com,17,Warner Bros. Entertainment,US
,,,128,Time Warner,
,"San Francisco, California",,536,The Coppola Company,US
,"Mumbai, Maharashtra, India",https://www.yashrajfilms.com,1569,Yash Raj Films,IN
,"Universal City, California",https://amblin.com,56,Amblin Entertainment,US
"Studio Ghibli, Inc. (株式会社スタジオジブリ Kabushiki-gaisha Sutajio Jiburi?) is a Japanese animation and film studio founded in June 1985. The company's logo features the character Totoro (a large forest spirit) from Hayao Miyazaki's film My Neighbor Totoro. It has its headquarters in Koganei, Tokyo.[1] At one time the studio was based in Kichijōji, Musashino, Tokyo.[2] Many anime features created by Studio Ghibli have won the Animage Anime Grand Prix award including: Castle in the Sky in 1986; My Neighbor Totoro in 1988; and Kiki's Delivery Service in 1989. In 2002, Spirited Away won a Golden Bear and an Oscar for Best Animated Feature which remains the only film made outside the English-speaking world to have done so.","Koganei, Tokyo",https://www.ghibli.jp,10342,Studio Ghibli,JP
,"Beverly Hills, California",,60,United Artists,US
,"Beverly Hills, California",http://www.mgm.com/,21,Metro-Goldwyn-Mayer,US
,"Culver City, California",http://www.sonypictures.com/,34,Sony Pictures,US
,,,10212,Orion-Nova Productions,
,"Chiyoda, Tokyo Prefecture",http://www.cwfilms.jp,3756,CoMix Wave Films,JP
,Tokyo,https://www.toho.co.jp,882,TOHO,JP
,,https://ir.kadokawa.co.jp/global,2073,KADOKAWA,JP
,,https://www.jeki.co.jp,8157,East Japan Marketing & Communications,JP
,,https://www.amuse.co.jp/,14602,AMUSE,JP
,,,128617,voque ting,JP
,,,104184,Lawson Entertainment,JP
,,https://www.4kidsentertainmentinc.com/,3035,4Kids Entertainment,US
,"Gangnam, Seoul",http://www.barunsonena.com,4399,Barunson E&A,KR
,"Burbank, California",https://www.dc.com/comics,429,DC Comics,US
,"Burbank, California, United States",http://www.legendary.com/,923,Legendary Pictures,US
,"London, England",,9996,Syncopy,GB
,,,118865,Isobel Griffiths,GB
,"Burbank, California",https://www.warnerbros.com,174,Warner Bros. Pictures,US
,,http://darkwoodsprods.com/,3982,Darkwoods Productions,US
,"Los Angeles, California",https://www.miramax.com,14,Miramax,US
,"Los Angeles, California",,59,A Band Apart,US
,,,216,Jersey Films,US
"Columbia Pictures Industries, Inc. (CPII) is an American film production and distribution company. Columbia Pictures now forms part of the Columbia TriStar Motion Picture Group, owned by Sony Pictures Entertainment, a subsidiary of the Japanese conglomerate Sony. It is one of the leading film companies in the world, a member of the so-called Big Six. It was one of the so-called Little Three among the eight major film studios of Hollywood's Golden Age.","Culver City, California",http://www.sonypictures.com,5,Columbia Pictures,US
,"Culver City, California",http://www.sonypicturesanimation.com/,2251,Sony Pictures Animation,US
,,,77973,Lord Miller,US
,"Culver City, California",,84041,Pascal Pictures,US
,"Los Angeles, California",,14439,Arad Productions,US
,"Burbank, California",https://www.warnerbros.com/company/divisions/motion-pictures,12,New Line Cinema,US
,Wellington,,11,WingNut Films,NZ
,"Berkeley, California",http://www.zaentz.com,5237,The Saul Zaentz Company,US
,,,21920,The Steve Tisch Company,
,,,412,Wendy Finerman Productions,
,Roma,,7508,PEA,IT
,,,42498,Arturo González Producciones Cinematográficas,ES
,Munich,https://constantin.film,47,Constantin Film,DE
,"Beverly Hills, California",http://www.winklerfilms.com,8880,Winkler Films,US
,"Burbank, California",https://www.cartoonnetworkstudios.com/,7899,Cartoon Network Studios,US
,"Atlanta, Georgia",,6760,Williams Street,US
,,,7110,Les Films Ariane,FR
,,,119518,Cristaldifilm,
,Rome,http://www.rai.it,1583,RAI,IT
,,,356,TF1 Films Production,FR
,,,185850,Forum Picture,
,Rome,,370,Melampo Cinematografica,IT
,,https://www.passionflix.com,92153,PassionFlix,US
,,,130588,MTJJ,
,,,130591,Beijing Guangying Gongchang Wenhua Chuanbo,
,,,130592,Dream Castle,
,,,130593,Heyi Capital,
,天津市河东区,https://baike.baidu.com/item/%E5%8C%97%E4%BA%AC%E5%AF%92%E6%9C%A8%E6%98%A5%E5%8D%8E%E5%8A%A8%E7%94%BB%E6%8A%80%E6%9C%AF%E6%9C%89%E9%99%90%E5%85%AC%E5%8F%B8/23861796,152035,"Beijing Hanmu Chunhua Animation Technology Co., Ltd.",CN
,,,130589,Beijing Jiyin Yinghua,
,,,10717,Shamley Productions,US
,"West Hollywood, California, USA",http://www.newregency.com/,508,Regency Enterprises,US
,"Los Angeles, California, US",,711,Fox 2000 Pictures,US
,,,20555,Taurus Film,DE
,,,54051,Atman Entertainment,
,,,54052,Knickerbocker Films,US
,"Los Angeles, California",http://linsonco.com,4700,The Linson Company,US
,"Century City, California, USA",http://www.foxmovies.com/,25,20th Century Fox,US
,,http://a1p.jp,13113,A-1 Pictures,JP
,,https://www.aniplex.co.jp/,2883,Aniplex,JP
,,,17024,Videocine S.A. de C.V.,MX
,,,96929,Agencia SHA,
,Mexico City,http://alebrijeproducciones.com.mx,12487,Alebrije Producciones,MX
,"Hollywood, California",,7965,The Ladd Company,US
,,,10214,Embassy International Pictures,US
,,,218,Rafran Cinematografica,IT
,,,1256,PSO,US
,"São Paulo, São Paulo",http://www.o2filmes.com,345,O2 Filmes,BR
,"Rio de Janeiro, Rio de Janeiro",,346,VideoFilmes,BR
,Paris,http://www.wildbunch.biz,856,Wild Bunch,FR
,,,11445,Hank Levine Film,
,"Rio de Janeiro, Rio de Janeiro",http://globofilmes.globo.com/en/,13969,Globo Filmes,BR
,,,11793,Lumière,
,Tokyo,http://www.shochiku.co.jp,192,Shochiku,JP
,,,286,Fantasy Films,
,,,13769,Lynda Obst Productions,
,"Uji, Kyoto",http://www.kyotoanimation.co.jp,5438,Kyoto Animation,JP
,,https://www.abc-anime.co.jp/,86839,ABC Animation,JP
,,https://www.kodansha.co.jp/,59118,Kodansha,JP
,Tokyo,http://www.ponycanyon.co.jp,9148,Pony Canyon,JP
,,https://quaras.co.jp/,22715,Quaras,JP
,,http://www.dentsumusic.co.jp/,2752,dentsu Music And Entertainment,JP
,"Tokyo, Japan",http://www.mitsubishi.com/,11847,Mitsubishi,JP
,Tokyo,http://www.ntv.co.jp/english,6755,Nippon Television Network Corporation,JP
,"Akasaka, Minato, Tokyo",http://www.tfc.co.jp/,1780,Tohokushinsha Film Corporation,JP
,"Shinagawa, Tokyo",https://www.tokuma.jp/,1779,Tokuma Shoten,JP
,,https://www.d-rights.com/,12518,d-rights,JP
,"Burbank, California",https://movies.disney.com,2,Walt Disney Pictures,US
,"Chiyoda City, Tokyo",http://www.dax-pro.co.jp/,92437,DAX Production,JP
,,https://www.nichion.co.jp/,157471,Nichion,JP
,,http://bibury-st.com/,118286,Bibury Animation Studios,JP
,,,118502,Nippon BS Broadcasting,JP
,Tokyo,http://www.gyao.co.jp/,41861,GYAO,JP
,,https://www.goodsmilefilm.com/,187769,Good Smile Film,JP
,"Nakano, Tokyo, Japan",https://bushiroad.com/,42196,Bushiroad,JP
,,https://www.kyoraku.co.jp/magnet,187770,MAGNET,JP
,"San Francisco, California",https://www.lucasfilm.com,1,Lucasfilm Ltd.,US
,"Rio de Janeiro, Brazil",https://www.lereby.com.br/,11446,Lereby Produções,BR
,"Mitaka, Tokyo",http://www.brainsbase.co.jp,22602,Brain's Base,JP
,"Songpa, Seoul, South Korea",http://lotteent.com/Main/Main.asp,7819,Lotte Entertainment,KR
,"Mapo, Seoul, South Korea",,112850,Film Momentum,KR
,"Gangnam, Seoul, South Korea",http://www.michiganvc.net/,81594,Michigan Venture Capital,KR
,"Universal City, California",http://www.universalpictures.com/,33,Universal Pictures,US
,"Los Angeles, California",http://atlasentertainment.com/,507,Atlas Entertainment,US
,Warsaw,https://pl.canalplus.com/,250,Canal+ Polska,PL
,"Paris, France",http://www.bacfilms.com/production/,208,Bac Films,FR
,"Warszawa, Poland",http://www.heritage.com.pl,260,Heritage Films,PL
,Potsdam,http://www.studiobabelsberg.com,264,Studio Babelsberg,DE
,,,266,Agencja Produkcji Filmowej,PL
,Munich,https://www.fff-bayern.de/,268,FFF Bayern,DE
,,,269,Filmboard Berlin-Brandenburg (FBB),DE
,"Paris, France",,355,R.P. Productions,FR
,Paris,http://www.studiocanal.fr,694,StudioCanal,FR
,Paris,https://www.canalplus.fr,104,Canal+,FR
,Warsaw,http://www.tvp.pl,6480,TVP,PL
,,,265,Runteam,GB
,,https://www.ffa.de,2026,FFA,DE
,"London, England",,183947,NoneMore Productions,GB
,"Santa Monica, California",http://www.badrobot.com/,11461,Bad Robot,US
,"Broadcasting House, London, England",https://bbc.co.uk,3324,BBC,GB
,"Los Angeles, California, United States",http://boldfilms.com/,2266,Bold Films,US
,"Los Angeles, California",http://www.blumhouse.com,3172,Blumhouse Productions,US
,"West Hollywood, California",http://rightofwayfilms.net,32157,Right of Way Films,US
,"Beverly Hills, California",http://www.sierra-affinity.com,24049,Sierra/Affinity,US
,"Culver City, California, USA",https://www.stage6films.com/,11341,Stage 6 Films,US
,"New York City, New York",http://www.sonyclassics.com/,58,Sony Pictures Classics,US
,"West Hollywood, California",http://www.thedenofthieves.com,91410,Den of Thieves,US
,,,69922,Taylor Swift Productions,US
,,,4286,Juno Pix,
,,,65393,Cecchi Gori Pictures,
,,http://www.bones.co.jp,2849,BONES,JP
,,https://www.toysfactory.co.jp,139842,TOY'S FACTORY,JP
,,https://www.kddi.com/,11848,KDDI,JP
,,https://moviewalker.co.jp/,170125,Movie Walker,JP
,,https://www.tbsradio.jp/,91253,TBS Radio,JP
,,,10715,Alfred J. Hitchcock Productions,US
,"Musashino, Tokyo",http://www.gainax.co.jp,3041,GAINAX,JP
,Tokyo,https://www.movic.jp,3466,movic,JP
,,,21504,Star Child Recording,
,"Roppongi, Minato",http://www.txhd.co.jp/,3034,TV Tokyo,JP
,"Musashino, Tokyo",http://www.productionig.com,529,Production I.G,JP
,Tokyo,https://kadokawashoten.kadokawa.co.jp,1194,Kadokawa Shoten,JP
,"Chuo, Tokyo",https://www.toei.co.jp,5822,Toei Company,JP
,"Shinagawa, Tokyo",https://www.sega.co.jp/en/index.html,113750,SEGA,JP
,,,11308,Savoy Pictures,
,,,924,The Turman-Morrissey Company,
,,,2680,Kurosawa Production,JP
,,,41,Orion Pictures,US
,,,55072,Strong Heart/Demme Production,US
,,,31364,Rakuonsha,JP
,,https://www.bandainamcoarts.co.jp/,136217,Bandai Namco Arts,JP
,Tokyo,https://www.lantis.jp/top.html,6683,Lantis,JP
,,https://heart-company.co.jp/,155271,Heart Company,JP
,,,155307,Miracle Bus,JP
,,,71975,Roy Export Company Establishment,
,"Koganei, Tokyo Prefecture",,12516,Nibariki,JP
,,,67681,TNDG,
,"Higashi–Shinbashi, Minato, Tokyo",https://www.dentsu.com/?global=true,1778,dentsu,JP
,"Seongdong, Seoul, South Korea",,49096,Yong Film,KR
,,,70884,Yang & His Gang Filmmakers,
,,,78456,Touché Films,
,Bogotá,https://www.dynamo.net/home,7062,Dynamo,CO
,Neuilly sur Seine,http://www.gaumont.fr,9,Gaumont,FR
,,,66743,Les Films du Dauphin,FR
,,,1315,Charles Chaplin Productions,
,"Burbank, California",,9195,Touchstone Pictures,US
,,,10282,Silver Screen Partners IV,US
,,,184460,A Steven Haft Production,
,,,1089,Witt/Thomas Productions,
,,,1757,Mad Chance,US
,Minsk,http://www.belarusfilm.by/,12617,Belarusfilm,SU
,Moscow,https://en.mosfilm.ru,344,Mosfilm,SU
,Beijing,http://www.zhuiguang.com/?lang=en,67089,Light Chaser Animation Studios,CN
,,http://www.alibabapictures.com/simp/0-home.html,69484,Alibaba Pictures Group,CN
,,,3212,Teshigahara Productions,JP
,"Suginami, Tokyo",https://www.khara.co.jp/,4145,khara,JP
,"Culver City, California",http://www.overbrookent.com,907,Overbrook Entertainment,US
,,,25287,San Marco,IT
,,http://wearewayfarer.com/,84409,Wayfarer Entertainment,US
,"Los Angeles, California, United States",http://www.cbsfilms.com/,5490,CBS Films,US
,"Nakano, Tokyo",http://www.madhouse.co.jp,3464,Madhouse,JP
,,http://www.rex.co.jp,185544,Rex Entertainment,JP
,,,201821,Kotobuki Seihan Printing,
,"Fukushima-ku, Osaka",https://corp.asahi.co.jp,4868,Asahi Broadcasting Corporation,JP
,,,201822,Fangs Co.,
,Rome,http://www.titanus.it/eng/index.php,641,Titanus,IT
,Paris,,534,Filmsonor,FR
,,,1826,Play Art,FR
,"San Francisco, California",https://www.zoetrope.com,70,American Zoetrope,US
,"Yongsan, Seoul",https://www.bighitcorp.com/kor/,86824,Big Hit Entertainment,KR
,"Mapo, Seoul",https://www.cjenm.com/en/,7036,CJ Entertainment,KR
,"Yongsan, Seoul, South Korea",http://corp.cgv.co.kr/,128333,CJ CGV,KR
,,,137006,Lanistar Media,
,,https://www.motioncontentgroup.com/,98733,Motion Content Group,
,,,126639,CJ Entertainment Turkey,TR
,1 place du Spectacle 92863 ISSY-LES-MOULINEAUX Cedex 9,https://www.canalplus.com/chaines/cineplus,6301,CinéCinéma,FR
,"Clichy, France",https://prod.quad.fr,7038,Quad Productions,FR
,,,7766,Chaocorp,FR
,,,8018,Ten Films,FR
,Boulogne-Bllancourt,https://www.tf1.fr/,22123,TF1,FR
,"Santa Monica, California",https://skydance.com/film/,82819,Skydance,US
,,,10288,Don Simpson/Jerry Bruckheimer Films,US
,"Glendale, California",http://www.dreamworksanimation.com/,521,DreamWorks Animation,US
,Rome,http://medusa.it,6246,Medusa Film,IT
,,,27597,Sciarlò,
,"Beverly Hills, California",,611,Bryna Productions,US
,"Gangnam, Seoul, South Korea",,399,Show East,KR
,"Gangnam, Seoul, South Korea",,118802,Egg Film,KR
,"Gangnam, Seoul, South Korea",http://www.cineclickasia.com/,685,Cineclick Asia,KR
," Burbank, California",https://www.marvel.com/movies,420,Marvel Studios,US
,"Burbank, California",,2785,Warner Bros. Animation,US
,"Burbank, California",https://www.dc.com,9993,DC Entertainment,US
,,http://www.lerche.jp,42811,Lerche,JP
,"Montreal, Quebec",http://www.metafilms.ca/eng,13839,Metafilms,CA
,,,50488,Sons of Manual,CA
," California",,11770,Liberty Films,US
,Kilkenny,http://www.cartoonsaloon.ie,23948,Cartoon Saloon,IE
,,https://www.melusineproductions.com,13351,Melusine Productions,LU
,,,142984,Value&Power Culture Communications,CN
,"5 rue Plaetis,L-2338 Luxembourg",http://www.filmfund.lu/,11776,Film Fund Luxembourg,LU
,Galway,https://www.screenireland.ie,1898,Screen Ireland,IE
,Dublin,https://www.bai.ie,30280,Broadcasting Authority of Ireland,IE
,Paris,https://www.hautetcourt.com,726,Haut et Court,FR
,"Donnybrook, Dublin, Ireland",https://www.rte.ie/,1923,RTÉ,IE
,Paris,https://www.ocs.fr,11620,OCS,FR
,"3 rue de la Charente, 16000 Angoulême",https://www.magelis.org/,142985,Pôle Image Magelis,FR
,Montrouge,https://folivari.com,89705,Folivari,FR
,,https://gkids.com,32853,GKIDS,US
,"Suginami. Tokyo Prefecture, Japan",http://www.ufotable.com,5887,ufotable,JP
,,https://www.shueisha.co.jp/,2918,Shueisha,JP
,,http://www.mausu.net/html_studio/studio.html,91520,STUDIO MAUSU,JP
,"Shinjuku, Tokyo",https://www.futabasha.co.jp/,62866,Futabasha,JP
,"Suginami, Tokyo",http://www.voln.co.jp/,56933,Studio VOLN,JP
,,https://www.tohan.jp/english/,145105,Tohan,JP
,Osaka,http://www.asahi.com/english/,3031,The Asahi Shimbun,JP
,,https://half-hp.co.jp/,84461,HALF H・P STUDIO,JP
,"Burbank, California",,171656,Walt Disney Feature Animation,US
,"San Sebastián de los Reyes, Madrid",https://cine.atresmedia.com,29566,Atresmedia,ES
,Madrid,https://www.thespastudios.com,101644,The SPA Studios,ES
,,,164323,Saul Projects,
,Stockholm,http://www.sfstudios.se,6181,SF Studios,SE
,,,93145,Deantir,IT
,,http://cloverworks.co.jp/,121589,CloverWorks,JP
,"Chiyoda, Tokyo",https://s.mxtv.jp/,157002,Tokyo MX,JP
,Nagoya,http://nagoyatv.com,81418,Nagoya Broadcasting Network,JP
,,https://www.hakuhodody-map.jp/,142186,Hakuhodo DY Music & Pictures,JP
,"Los Angeles, California, United States",http://www.participantmedia.com/,6735,Participant,US
,"Universal City, California",http://dreamworkspictures.com,7,DreamWorks Pictures,US
,,https://cineticmedia.com,88582,Cinetic Media,US
,"Goyang, Gyeonggi, South Korea",http://alichy5709.com/2portfolio/public_html/main/main.php,34725,Moho Film,KR
,"Suginami, Tokyo",https://studiochizu.com,15662,Studio Chizu,JP
,,http://www.vap.co.jp/,11725,VAP,JP
,,http://dndp.jp/,14789,D.N. Dream Partners,JP
,,https://www.ytv.co.jp/info/english/index.html,11727,Yomiuri Telecasting Corporation,JP
,,,1399,Fair Film,IT
,,,12473,Incei Film,IT
,,,12989,Sancro Film,IT
,,,35228,Shooting Pictures,
,,,140097,China Wit Media,
,,,140098,Tianijn Xiron Entertainment,
,,,7909,We Pictures,HK
,,,140099,Goodfellas Media,
,,,152608,He Nan Dian Ying Dian Shi Zhi Zuo Ji Tuan,
,,,152609,Fat Kids Production,
,,,1875,Produzioni De Sica,IT
,Mexico City,https://helloanima.com/,9965,Ánima Estudios,MX
,,,204533,Top Draw Animation,PH
,"New York City, New York",https://www.radicalmedia.com,89394,RadicalMedia,US
,,,122645,5000 Broadway Productions,US
,,,150839,Nevis Productions,
,,,122647,Old 320 Sycamore,US
,"Emeryville, California",http://www.pixar.com,3,Pixar,US
,"Los Angeles, California",,333,Original Film,US
,,,121671,Shifting Gears Productions,
,,,1708,Starbucks Entertainment,
,,,88,Hawk Films,
,,,11272,Peregrine,
,,,734,Producers Circle,
,,,152809,Double Dream,US
,"Los Angeles, California",,170335,The Disco Factory,US
,"Burbank, California",https://www.dccomics.com/movies,128064,DC Films,US
,"Los Angeles, California",https://www.linkedin.com/company/luckychap-entertainment-limited,82968,LuckyChap Entertainment,US
,"Borehamwood, Hertfordshire, England",,437,Heyday Films,GB
,"New York City, New York",,181486,NB/GG Pictures,US
,,,6220,Mattel,US
,"Los Angeles, California",,435,di Bonaventura Pictures,US
,,,6734,Bay Films,US
,"Los Angeles, California",http://www.newrepublicpictures.com/,114732,New Republic Pictures,US
,,,38831,Tom DeSanto/Don Murphy Production,
,"Pawtucket, Rhode Island",https://corporate.hasbro.com,2598,Hasbro,US
,,,17021,Lucamar Productions,
,"Universal City, California",https://marcplattproductions.com,2527,Marc Platt Productions,US
,"Los Angeles, California",,176762,Kevin Feige Productions,US
,Kyiv,https://animagrad.com/,106008,Animagrad Animation Studio,UA
,,,116025,3Beep,US
,Kyiv,https://film.ua/en/,21652,FILM.UA Group,UA
,"Studio City, California",,1225,One Race,US
,"Los Angeles, California",,34530,Perfect Storm Entertainment,US
,,,198242,Operator Films (US),
,"Nerima, Tokyo",http://corp.toei-anim.co.jp,5542,Toei Animation,JP
,,,90508,Santa Fe Films,US
,"Chuuou-ku, Osaka",http://www.capcom.com/,7220,CAPCOM,JP
,"Nakano, Tokyo",http://www.tms-e.co.jp,7164,TMS Entertainment,JP
,,http://quebico.com/,140891,Quebico,JP
,,,172244,UNLIMITED PRODUCE by TMS,JP
,"Santa Monica, California",,3528,Thunder Road,US
,"Inglewood, California",http://www.87eleven.net,23008,87Eleven,US
,"Santa Monica, California",,491,Summit Entertainment,US
"Illumination Entertainment is an American film production company, founded by Chris Meledandri in 2007. It has an exclusive financing","Santa Monica, California",http://www.illumination.com/,6704,Illumination,US
,Kyoto,https://www.nintendo.com/,12288,Nintendo,JP
,,,188079,Orphan Studio,
,"Los Angeles, California",https://www.patriotpictures.com/,2373,Patriot Pictures,US
,Mexico City,https://itacafilms.com.mx/,16322,Itaca Films,MX
,"Los Angeles, California",https://cineic.com/,162995,Lost Winds Entertainment,US
,"Barcelona, Catalonia",http://nostromopictures.com,11068,Nostromo Pictures,ES
,,http://www.chrismorganproductions.com,25998,Chris Morgan Productions,US
,"Los Angeles, California",,119245,Dylan Clark Productions,US
,,,13778,Bluegrass Films,US
,"Minato, Tokyo",https://www.fujitv.co.jp/en/,3341,Fuji Television Network,JP
,,https://www.bandai.co.jp/,155586,Bandai,JP
,,https://www.bandainamcoent.co.jp/,12502,Bandai Namco Entertainment,JP
,,https://www.adkem.jp/en/,173235,ADK Emotions,JP
,"Los Angeles, California",https://vreg.com/film/,79,Village Roadshow Pictures,US
,,,34081,Flynn Picture Company,US
,,,878,Happy Madison Productions,US
,"Los Angeles, California",,2575,21 Laps Entertainment,US
,,,14734,Oren Peli Productions,US
,,,76907,Atomic Monster,US
,"Santa Monica, California",https://bondit.us/,121204,BondIt Media Capital,US
,,,139740,The Squid Farm,
,,,204229,Dreamspace,
,"London, England",https://www.headgearfilms.com,5056,Head Gear Films,GB
,"Dyce, Aberdeen, Scotland",https://www.metrol.co.uk/,25954,Metrol Technology,GB
,"London, England, UK",https://bohemiamedia.co.uk,142494,Bohemia Media,GB
,,,18892,852 Films,
,,,72408,Kaos Entertainment,
,,,121063,Red Sea Media,US
,,,130900,Buffalo 8 Productions,US
,"Santa Monica, California",http://www.lionsgate.com,1632,Lionsgate,US
,"Los Angeles, California",,11565,The Safran Company,US
,"Culver City, California, United States",http://euescreengems.com,3287,Screen Gems,US
,Los Angeles,http://agbo.com/,106544,AGBO,US
,Vienna,https://www.filmhaus.com/filmhaus-films/,104576,Filmhaus Films,AT
,"Los Angeles, California",https://www.20thcenturystudios.com,127928,20th Century Studios,US
,"Santa Monica, California",,574,Lightstorm Entertainment,US
,"Las Vegas, Nevada, USA",http://theseeliggroup.com/,22213,TSG Entertainment,US
,,,172265,Sangre Films,CO
,,,172266,222 Pictures,
,"Los Angeles, California",http://www.dawnslightmedia.com,92109,Dawn's Light,US
,,,172267,Elemental Stories,
,,https://pokeepsiefilms.com/,32485,Pokeepsie Films,ES
,"Santa Monica, California",https://studios.amazon.com/,20580,Amazon Studios,US
,,,200553,Doorbell Productions,
,,,77781,Lola's Productions,
,,,200554,Seeon,
,,,185718,Rock Solid Productions,
,"Beverly Hills, California",http://www.bleibergent.com,4322,Compound B,US
,,,185719,White Snake Golden Dragon,
,Beijing,https://www.octmedia.com/,153486,October Media,CN
,Korgas,,121042,Horgos Coloroom Pictures,CN
,Beijing,https://www.ewang.com/,4053,Enlight Pictures,CN
,"Los Angeles, California",,21777,TC Productions,US
,"Burbank, California",https://stxentertainment.com,47729,STX Films,US
,,,2900,Toff Guy Films,GB
,,,2735,Mid Atlantic Films,HU
,"London, England",http://www.ingeniousmedia.co.uk,290,Ingenious Media,GB
,"Los Angeles, California",,444,Dune Entertainment,US
,,,10893,Big Screen Productions,
,"West Hollywood, California, USA",,12292,Temple Hill Entertainment,US
,,https://www.giant.pictures/,34396,Giant Pictures,
,,,34397,Origo Film Group,
,"Los Angeles, California, USA",https://www.particularcrowd.com,119056,Particular Crowd,US
,,,20613,SC Films International,
,,,155758,Tea Shop Productions,
,"Hollywood, California",https://www.muchomasmedia.com/,78193,Mucho Mas Media,US
,"Los Angeles, California",http://silkmass.com/,151485,Silk Mass,US
,"Los Angeles, California",https://theavenue.film/,185127,The Avenue Entertainment,US
,"Los Angeles, California",http://www.highlandfilmgroup.com,76991,Highland Film Group,US
,"Culver City, California",http://www.studio8.com,77863,Studio 8,US
,"Saint Louis, Missouri, United States",http://www.solsticeproductionsvideo.com/,52180,Solstice Productions,US
,"Austin, Texas",,158413,Double R Productions,US
,"Los Angeles, California",,84792,2.0 Entertainment,US
,,,177894,Jesus & Mary,
,,,177895,Worldwide Katz,
,,,177896,Loyola Productions,
,,,194987,FFILME.RO,
,"Beverly Hills, California",http://www.ghosthousepictures.com,768,Ghost House Pictures,US
,"New York City, New York, USA",,467,Renaissance Pictures,US
,,,7893,Pacific Renaissance Pictures,NZ
,"Dublin, Ireland",https://www.wildatlanticpictures.com/page/home,129815,Wild Atlantic Pictures,IE
,,https://www.dfx.co.jp/en/index.html,3361,Digital Frontier,JP
,,http://apellesentertainment.com,56242,Apelles Entertainment,US
,Beijing,https://cmc-pictures.com,92484,CMC Pictures,CN
,,,150179,Post Film,
,"Los Angeles, California",http://www.boulderlightpictures.com/,18609,BoulderLight Pictures,US
,London,http://www.mediafinancecapital.com/,117747,Media Finance Capital,GB
,"New York City, New York",http://rainmakerfilms.com,106786,RainMaker Films,US
,"New York City, New York",http://yaleproductions.com,75355,Yale Productions,US
,"Helsinki, Finland",,62408,Subzero Film Entertainment,FI
,London,https://goodchaos.co.uk/,182028,Good Chaos,GB
,,,125055,Hyperobject Industries,US
,"Gangnam, Seoul, South Korea",http://www.its-new.co.kr/,20064,Next Entertainment World,KR
,"Gangnam, Seoul, South Korea",https://zipcine.modoo.at/,85150,Zip Cinema,KR
,"Gangnam, Seoul, South Korea",http://www.opuspictures.com/,7270,Opus Pictures,KR
,"Gangnam, Seoul, South Korea",http://www.unionip.net/,88607,Union Investment Partners,KR
,,,3394,Sundream Motion Pictures,HK
,"Mapo, Seoul, South Korea",https://www.seoulfc.or.kr/Main/,100305,Seoul Film Commission,KR
,,,197889,United Pictures,KR
,,https://carverfilms.com/,71767,Carver Films,AU
,"Los Angeles, California",http://xyzfilms.com,12142,XYZ Films,US
,"Oakland, California",https://proximitymedia.com/,148495,Proximity Media,US
,,,166120,Balboa Productions,US
,"Los Angeles, California",,102334,Outlier Society Productions,US
,,,12252,Chartoff-Winkler Productions,
,,,181859,ERO Picture Company,CA
,"North Hollywood, Los Angeles, California",https://www.projectxentertainment.com,130448,Project X Entertainment,US
,"Burbank, California",https://www.disneyanimation.com/,6125,Walt Disney Animation Studios,US
,,http://www.hiradiosilence.com/,126588,Radio Silence,US
,"Century City, Los Angeles, California",https://spyglassmediagroup.com/,143790,Spyglass Media Group,US
,"Burbank, California",,4811,Warner Premiere,US
,"New York City, New York",https://nbcnewsstudios.com,162351,NBC News Studios,US
,Hong Kong,https://www.emp.hk/en/,122289,Emperor Motion Pictures,HK
,"Philadelphia, Pennsylvania, USA",https://corporate.comcast.com/,29335,Comcast,US
,,,148024,北京京西文化旅游股份有限公司,
,"Chaoyang District, Beijing, China",,190261,"Century Changshengtian Film (Beijing) Co., Ltd.",CN
,"Shanghai, China",,84946,Tencent Penguin Pictures,CN
,,,96956,猫眼影业,
,,,160975,华夏电影发行有限责任公司,
,,,200259,La Vereda Producciones,
,,http://sevenbucks.com,73669,Seven Bucks Productions,US
,,,117188,Excellent Cadaver,US
,,http://www.odenkirk-provissiero.com/,86647,Odenkirk Provissiero Entertainment,US
,"Los Angeles, California",http://annapurna.pictures,13184,Annapurna Pictures,US
,,http://www.dneg.com,107183,DNEG,US
,"Los Angeles, California",,829,Vertigo Entertainment,US
,"Greenwich, Connecticut",http://blueskystudios.com/,9383,Blue Sky Studios,US
,,,1302,Davis Entertainment,US
,,,48778,Gravity Pictures,CN
,,,107790,Flagship Entertainment Group,CN
,,,56241,Maeday Productions,
,"New York City, New York",http://www.filmnation.com,7493,FilmNation Entertainment,US
,"Toronto, Ontario",https://www.spinmaster.com,71738,Spin Master,CA
,"Los Angeles, California",,2348,Nickelodeon Movies,US
,Paris,https://www.mikrosimage.com/,8649,Mikros Image,FR
,"Toronto, Ontario",https://www.elevationpictures.com,82552,Elevation Pictures,CA
,"Mitaka, Tokyo",http://pierrot.jp,3234,Pierrot,JP
,"Los Angeles, California",,182897,Wattpad WEBTOON Studios,US
,,,99436,Six Demon Films,
,"Escandón, Alcaldía Miguel Hidalgo, Mexico City",https://perroazul.tv,147717,Perro Azul,MX
,"Montréal, Québec",https://www.carpediemfilmtv.com,20182,CarpeDiem Film & TV,CA
,,https://www.onanimationstudios.com,84713,ON Animation Studios,FR
,Paris,,140008,The Awakening Production,FR
,Neuilly-sur-Seine,https://www.snd-films.com,2902,SND,FR
,Paris,,79650,Zagtoon,FR
,,,35136,Method Animation,FR
,Chongqing,,200503,Fantawild,CN
,,,138896,Mediawan,FR
,Beijing,https://www.chinafilm.com/,14714,China Film Group Corporation,CN
,,,191194,Guo Fan Culture and Media,
,"Santa Clarita, California",,12365,Brownstone Productions,US
,"Burbank, California",http://linpictures.com,2723,Lin Pictures,US
,"Beverly Hills, California",http://www.katzsmith.com/,87671,KatzSmith Productions,US
,"Los Angeles, California",,114874,Signature Entertainment,US
,,http://www.eggfirm.com/,95809,EGG FIRM,JP
,,http://straightedge.jp/,162614,Straight Edge,JP
,,https://www.sonilude.com/,162613,Sonilude,JP
,"Los Angeles, California",,1353,Hanna-Barbera Productions,US
,"Takaido Higashi, Suginami-ku, Tokyo, Japan",http://mookanimation.co.jp/,100848,Mook Animation,JP
,Tokyo,,5896,Cine Bazar,JP
,"Los Angeles, California",https://rideback.com,118854,Rideback,US
,,http://www.divideconquer.us/,89115,Divide / Conquer,US
,,https://www.unanimousmedia.com,120524,Unanimous Media,US
,,https://story-inc.co.jp,128616,Story,JP
,"Santa Monica, California",https://madriverpictures.com,73492,MadRiver Pictures,US
,"Beverly Hills, California",,103331,G-BASE,US
,California,http://olivehillmedia.com,149107,Olive Hill Media,US
,,http://www.riverstonepictures.com/,76314,Riverstone Pictures,GB
,"Los Angeles, California",,11053,Capstone Pictures,US
,,,125401,BuzzFeed Studios,US
,"Los Angeles, California",,1620,Nuyorican Productions,US
,,http://www.sixthandidaho.com,101405,6th & Idaho,US
,"Gangnam, Seoul, South Korea",http://tcokr.co.kr,113586,The Contents On,KR
,,,162275,Contents G,KR
,,,162276,Cheum Film,
,"Seoul, South Korea",http://www.finecut.co.kr/html/main.php,11590,Finecut,KR
,"New York City, New York",,122323,Raimi Productions,US
,"Los Angeles, California",https://www.beckwoods.com/,133303,Beck/Woods,US
,"Burnaby, British Columbia",http://bronstudios.com,13240,Bron Studios,CA
,"Toronto, Ontario",http://www.cwmedialending.com/,53152,Creative Wealth Media Finance,CA
,,,200650,Relis Pic,
,Paris,https://pathe.com/fr/,7981,Pathé,FR
,Paris,,20339,Chapter 2,FR
,"Paris, France",,1115,M6 Films,FR
,Barcelona,https://www.deaplaneta.com/,123175,DeAPlaneta,ES
,"Mainz, Rhineland-Palatinate",https://www.zdf.de,4606,ZDF,DE
,Brussels,https://www.umedia.eu/en,19037,uMedia,BE
,"Culver City, California",http://www.blur.com/,10644,Blur Studio,US
,Tokyo,https://www.marza.com/en,77884,Marza Animation Planet,JP
,Beijing,http://www.bonafilm.cn,30148,Bona Film Group,CN
,,,431,The Donners' Company,US
,,,28788,Genre Films,US
,"Burbank, California",http://1492pictures.com,436,1492 Pictures,US
,"New York City, New York",http://weinsteinco.com/,308,The Weinstein Company,US
,,,372,Groucho II Film Partnership,
,,,1885,Silver Pictures,US
,"Burbank, California",,83036,Joint Effort,US
,"Los Angeles, California",http://www.phoenixpictures.com,11317,Phoenix Pictures,US
,"West Hollywood, California",,562,Appian Way,US
,"New York City, New York",,23243,Sikelia Productions,US
,,,181992,Mandate International,US
,"Los Angeles, California",,14654,EMJAG Productions,US
,,http://www.redgranitepictures.com/,19177,Red Granite Pictures,US
,,,2537,Kennedy Miller Productions,AU
,"Los Angeles, California",http://www.ratpacentertainment.com,41624,RatPac Entertainment,US
,,https://www.studiobabelsberg.com/en/,6817,Zehnte Babelsberg Film,DE
,,,6818,Visiona Romantica,US
,,,682,Peninsula Films,FR
color force productions a devision of Alarm Clock Films.,"West Hollywood, California",,5420,Color Force,US
,,,34034,LStar Capital,US
,,,19092,P of A Productions Limited,
,"New York, United States",,7297,Fairview Entertainment,US
,,,19231,Patalex III Productions Limited,
,,,462,Patalex IV Productions Limited,
,"Detroit, Michigan",,130,Jerry Bruckheimer Films,US
,"Pasadena, California",http://cruelfilms.com/,9995,Cruel & Unusual Films,US
,London,http://scottfree.com,1645,Scott Free Productions,GB
,"Santa Monica, California",,91797,Hutch Parker Entertainment,US
,"Chicago, Illinois",http://www.defynitefilms.com,36259,DefyNite Films,US
,,,36433,MJW Films,US
,,,19551,Marvel Enterprises,US
,,,326,Laura Ziskin Productions,
,"Los Angeles, California, USA",http://www.newregency.com,10104,New Regency Pictures,US
,,,15829,Pacific Standard,
,"Culver City, California",https://www.artemplehollywood.com,60682,Artemple - Hollywood,US
,,,77845,Monarchy Enterprises S.a.r.l.,
,,,8870,CatchPlay,
,"Culver City, California",http://www.anonymouscontent.com,10039,Anonymous Content,US
,,,13796,Hong Kong Alpha Motion Pictures Co.,
,,,52660,M Productions,
,,http://www.redwagonentertainment.com/,14440,Red Wagon Entertainment,US
,,http://www.millfilm.com/millfilm,21904,Mill Film,GB
,,,21905,C & L,MT
,,,21906,Dawliz,MA
,"New York City, New York",,258,Scott Rudin Productions,US
,,,32300,Lava Bear Films,US
,"Mumbai, Maharashtra",http://relianceentertainment.net,7294,Reliance Entertainment,IN
,,,88466,Xenolinguistics,CA
,"New York City, New York ",https://www.marvel.com,7505,Marvel Entertainment,US
,"Culver City, California",,53462,Matt Tolmach Productions,US
,Pennsylvania,,12236,Blinding Edge Pictures,US
,"New York, United States",https://www.maximumeffort.com/,104228,Maximum Effort,US
,,,39121,Super Cool ManChu,
,,https://monkeypawproductions.com,88934,Monkeypaw Productions,US
,"Los Angeles, California",http://www.qcfilmco.com,72725,QC Entertainment,US
,"London, England",http://www.gk-films.com,3281,GK Films,GB
,,,90995,Queen Films,GB
,"New York City, New York",,11391,Tribeca Productions,US
,"Los Angeles, California",,38145,Bristol Automotive,US
,"Santa Monica, California",https://blackbearpictures.com,22146,Black Bear Pictures,US
,"Los Angeles, USA",http://www.gotham-group.com,3672,Gotham Group,US
,,,8569,Dayday Films,GB
,,,3527,Green Hat Films,US
,"Redwood City, California, USA",,520,Pacific Data Images,US
,,https://www.marv.com,5374,Marv Films,GB
,,,78995,Cloudy Productions,GB
,"Los Angeles, California",https://blacklabel-media.com,33681,Black Label Media,US
,,,10161,Gilbert Films,US
,,,53247,Impostor Pictures,US
,Paris,http://www.europacorp.com/,6896,EuropaCorp,FR
,Paris,https://www.mycanal.fr/chaines/cineplus,10611,Ciné+,FR
,"Burbank, California",http://mandfilms.com,10227,Mandeville Films,US
,,,19936,Second Mate Productions,US
,"Beverly Hills, California",,7296,K/O Paper Products,US
,,,23271,SOIXAN7E QUIN5E,
,,,23272,See Me Louisiana,
,China,https://ieg.tencent.com/film.html,81620,Tencent Pictures,CN
,"Los Angeles, California",,433,Weed Road Pictures,US
,"London, England",http://www.bigtalkproductions.com,443,Big Talk Productions,GB
,"London, England",https://www.workingtitlefilms.com/,10163,Working Title Films,GB
,,,762,Mutual Film Company,
,,,1557,The Mark Gordon Company,US
,"Los Angeles, California",,28,Newmarket Films,US
,"London, England",https://www.eon.co.uk/,7576,Eon Productions,GB
,"Santa Monica, California",,10761,Danjaq,US
,,,23288,B23,
,,,7470,Esperanto Filmoj,US
,,,9168,Bad Hat Harry Productions,US
,,,31076,Simon Kinberg Productions,US
,,,9169,Hemisphere Media Capital,US
,,,23644,2DUX²,
,,,11956,Apparatus Productions,
,Valletta,https://latina.mt/,19108,Latina Pictures,MT
,"Beverly Hills, California",,81,Plan B Entertainment,US
,,,2609,De Line Pictures,US
,,,11249,Farah Films & Management,
,"New York City, New York",http://accessentertainmentmedia.com,103376,Access Entertainment,US
,,,16774,Peters Entertainment,
,,,11084,Parkes/MacDonald Productions,
,,,367,Kemp Company,
,,,368,Splendid Pictures,
,"Beverly Hills, California",http://www.zanuckco.com/,80,The Zanuck Company,US
,,,55512,Theobald Film Productions,GB
,,http://www.mediaasia.com/,5552,Media Asia Films,HK
,,,7380,Initial Entertainment Group,US
,"Los Angeles, California, USA",http://www.foxsearchlight.com/,43,Fox Searchlight Pictures,US
,"Santa Monica, California",,9350,Indian Paintbrush,US
,,,23449,American Empirical Pictures,US
,"Universal City, California",https://www.focusfeatures.com,10146,Focus Features,US
,,,10059,This Is That Productions,US
," Los Angeles, California",,506,Newmarket Capital Group,US
,,,598,Team Todd,
,,,34446,I Remember Productions,
,"Los Angeles, California",http://crosscreekpictures.com,10246,Cross Creek Pictures,US
,"New York City, New York",http://www.protozoa.com,7503,Protozoa Pictures,US
,,,449,Virtual Studios,US
,,,450,Anarchos Productions,US
,,,23889,Fünfte Babelsberg Film,
,Potsdam,https://www.medienboard.de/nc/en/,451,Medienboard Berlin-Brandenburg,DE
,,,215,Double Feature Films,US
,"Los Angeles, California",http://filmcolony.com,1811,FilmColony,US
,,,7413,3Foot7,NZ
,,,285,Live Entertainment,
,,,26198,Dog Eat Dog Productions,
,,,23202,Wigram Productions,US
,,,19855,Internationale Filmproduktion Blackbird Dritte,
,,,16314,Roth Films,US
,,,8601,Tim Burton Productions,
,,,19747,Brandywine Productions,US
,"London, England",http://www.moving-picture.com,20478,Moving Picture Company,GB
,"Los Angeles, California, United States",,2481,Platinum Dunes,US
,,,2994,Hollywood Gang Productions,US
,,,2995,Atmosphere Entertainment MM,US
,,http://www.nimarstudios.com,7636,Nimar Studios,BG
,"San Francisco, California",https://www.viz.com,6687,VIZ Media,US
,"Beverly Hills, California",http://www.3arts.com,787,3 Arts Entertainment,US
,,,49325,Parkes+MacDonald Image Nation,
,"Los Angeles, California",http://radarpictures.com,350,Radar Pictures,US
,,,5798,Shaw Brothers,HK
,,,4000,Maverick Films,US
,"Burbank, California",http://imprintentertainment.co,5218,Imprint Entertainment,US
,"London, England",http://www.goldcrestfilms.com,500,Goldcrest,GB
,,,57750,Twilight Productions,US
,"New York City, New York",,50481,Vendian Entertainment,US
,"Los Angeles, California",http://www.imglobalfilm.com,7437,IM Global,US
,"Ultimo, NSW",https://www.screenaustralia.gov.au/,7584,Screen Australia,AU
,"Sydney, NSW",http://www.screen.nsw.gov.au/,10951,Screen NSW,AU
,,,455,Permut Presentations,US
,,,8915,Pandemonium,
,,,13241,Demarest Films,
,,,8186,Bliss Media,CN
,,,94431,Kylin Pictures,CN
,"London, England",https://ai-film.com,51860,AI Film,GB
,,,13480,Haishang Films,TW
,"London, England",,133789,Ingenious Film Partners,GB
,,,32555,Netter Productions,US
,Beijing,http://www.wandamedia.cn/,83838,Wanda Pictures,CN
,"Los Angeles, California",http://www.companyfilms.com,7193,Company Films,US
,,,19961,Start Motion Pictures,
,"London, England",https://www.dnafilms.com,284,DNA Films,GB
,London,https://www.film4productions.com,6705,Film4 Productions,GB
,,,93105,IAC Films,US
,"Los Angeles, California",,11749,20th Century Fox Animation,US
,"Los Angeles, California",https://www.torridonfilms.com,79529,Torridon Films,US
,,http://1614ent.com,101829,16:14 Entertainment,US
,"Los Angeles, California",https://www.alconent.com,1088,Alcon Entertainment,US
,"Vancouver, British Columbia",http://thunderbird.tv,78028,Thunderbird Entertainment,CA
,"New York City, New York",,9015,Worldview Entertainment,US
,,,47169,Le Grisbi Productions,US
,,,57409,22 & Indiana Pictures,
,"Burbank, California",,171,Malpaso Productions,US
,,http://kennedymarshall.com/,862,The Kennedy/Marshall Company,US
,,,1280,Pacific Western,US
,,,3952,Hemdale Film,
,,,4764,Cinema 84,US
,,,7745,Euro Film Funding,
,"Boca Raton, Florida",,275,Carolco Pictures,US
,,,183,Le Studio Canal+,FR
,,,7263,FilmDistrict,US
,,,3263,OddLot Entertainment,US
,,,11337,Motel Movies,
,,,46625,Newbridge Film Capital,
,,,101082,Double Dare You Productions,US
,,,38833,Ian Bryce Productions,
,,,147577,YG Studioplex,KR
,"Mapo, Seoul, South Korea",http://www.ygfamily.com/,44337,YG Entertainment,KR
,,,181632,Movie Bros.,
,,,159161,August 1st Film Studio,
,,,122328,Huaxia Film Distribution,CN
,"Shanghai ",http://www.sfs-cn.com,3407,Shanghai Film Group,CN
,,,65442,Beijing Dengfeng International Culture,
,,,76473,Distribution Workshop,HK
,,,116133,A Really Happy Film,HK
,,,95816,Spring Era Film Company,
,,,95817,Beijing Dongfang International Cultural Communications Company,
,,,76394,Beijing Century Media Culture,
,,,95818,Chao Feng Pictures,
,,,95819,Orange Image,
,,,5219,Sunswept Entertainment,US
,"Beijing, China",https://www.maoyan.com/,100130,Tianjin Maoyan Media,CN
,,,149256,北京大碗娱乐文化传媒有限公司,
,,,149257,Beijing Cheering Times Culture & Entertainment,CN
,,,98983,上海儒意影视制作有限公司,CN
,,http://www.centropolis.com,347,Centropolis Entertainment,US
,,,92693,The Detective Agency,US
,"Los Angeles, California",https://www.infinitum-nihil.com,2691,Infinitum Nihil,US
,,,10905,Farewell Productions,
"Relativity Media is an American film studio located in West Hollywood, California which acquires, develops, produces, and distributes films and produces television programming. It was founded in 2004 by Ryan Kavanaugh.","Beverly Hills, California, United States",http://relativitymedia.com,7295,Relativity Media,US
,,,48499,F & F VI Productions A.I.E,
,"Beverly Hills, California",http://imagine-entertainment.com,23,Imagine Entertainment,US
,,,8253,Skylark Productions,
,"Los Angeles, California, United States",https://www.walden.com/,10221,Walden Media,US
,,,79503,C.S. Lewis Company,
,,,17818,Beijing Enlight Pictures,CN
,,,167789,Chengdu Coco Cartoon,CN
,,,153464,Film Carnival,
,,,153465,Rocket Science 3D,
,,,153466,Its Just Us Productions,
,,,172,NPV Entertainment,US
,"Los Angeles, California",,105052,Roth-Kirschenbaum Films,US
,,,7490,TSBD Canada Productions,
,,,58321,TSBD Louisiana,
,,,58322,TSBD Productions,
,"Rio de Janeiro, Rio de Janeiro, Brazil",http://www.totalfilmes.com.br/,6446,Total Entertainment,BR
,"Santa Monica, California",,7076,Chernin Entertainment,US
,,,143191,Hurwitz Creative,
,,,189906,Beijing Yitong Legend Films,
,,,2269,China Film Co-Production Corporation,CN
,Beijing,,148030,壹同制作,CN
,,,69485,Odin,
,,,98750,Huanxi Media Group,
,,,10284,Edko Films,HK
,"Los Angeles, California",http://www.spyglassentertainment.com/,158,Spyglass Entertainment,US
,,,915,Hollywood Pictures,US
,,,17032,Barry Mendel Productions,US
,,,41756,GH Three,US
,,,28064,Blue Light,US
,"Los Angeles, California",,675,Forward Pass,US
,"Yas Island, Abu Dhabi",https://imagenationabudhabi.com/,6736,Imagenation Abu Dhabi FZ,AE
,"West Hollywood, California",,20154,Mad Hatter Entertainment,US
,,,76068,Digital Image Associates,
,"Santa Monica, California",,152,Icon Productions,US
,"London, England, UK",http://www.littlestarservices.com,34441,Littlestar,GB
,,http://www.playtone.com,4171,Playtone,US
,,,2655,Internationale Filmproduktion Richter,DE
,,,44,Cruise/Wagner Productions,US
,,https://www.stillking.com/,11345,Stillking Films,CZ
,,,41053,Casino Royale Productions,
,,,22790,B22,
,,,109462,The P.L.A Navy Government TV Art Central of China,
,,,109463,Star Dream Studio Media,
,,,109464,Emperor Film Production,HK
,,,109465,Film Fireworks Production,
,,,83809,ZAK Film Productions,
,,,20035,Sun Canada Productions,CA
